Date,Title,URL
"May 28, 2025 - 13:30",Breaking: Bitcoin and XRP in 401(k)s? Labor Dept. Scraps Anti-Crypto Guidance,https://u.todayhttps://u.today/breaking-bitcoin-and-xrp-in-401ks-labor-dept-scraps-anti-crypto-guidance
"May 28, 2025 - 13:23",Pompliano Unveils What Big Bitcoin Bet by GameStop Really Means,https://u.todayhttps://u.today/pompliano-unveils-what-big-bitcoin-bet-by-gamestop-really-means
"May 28, 2025 - 7:10",BlackRock Reveals Ideal Bitcoin Allocation,https://u.todayhttps://u.today/blackrock-reveals-ideal-bitcoin-allocation
"May 27, 2025 - 18:29",Ethereum Shatters Records with OI Approaching $20 Billion,https://u.todayhttps://u.today/ethereum-shatters-records-with-oi-approaching-20-billion
"May 27, 2025 - 14:56",Strategy's Michael Saylor Asks Crucial Bitcoin Question,https://u.todayhttps://u.today/strategys-michael-saylor-asks-crucial-bitcoin-question
"May 27, 2025 - 6:38",Major Exchange Unlocks XRP and RLUSD as Margin Currencies,https://u.todayhttps://u.today/major-exchange-unlocks-xrp-and-rlusd-as-margin-currencies
"May 27, 2025 - 5:21",Saylor Shocks Crypto Community with Controversial Statement,https://u.todayhttps://u.today/saylor-shocks-crypto-community-with-controversial-statement
"May 26, 2025 - 18:35",Satoshi's Bitcoin Fortune Surges to $120 Billion,https://u.todayhttps://u.today/satoshis-bitcoin-fortune-surges-to-120-billion
"May 26, 2025 - 12:19",Breaking: Strategy's $40 Billion Bitcoin Bet Just Got Bigger,https://u.todayhttps://u.today/breaking-strategys-40-billion-bitcoin-bet-just-got-bigger
"May 26, 2025 - 10:55",Binance CEO Drops Quiet Warning About What Matters Next,https://u.todayhttps://u.today/binance-ceo-drops-quiet-warning-about-what-matters-next
"May 26, 2025 - 10:29",XRP Faces Giant Inflow Crash Surpassed by Blooming ADA and SOL,https://u.todayhttps://u.today/xrp-faces-giant-inflow-crash-surpassed-by-blooming-ada-and-sol
"May 26, 2025 - 5:53",XRP or SOL? Legendary Trader Wants to Pick One,https://u.todayhttps://u.today/xrp-or-sol-legendary-trader-wants-to-pick-one
"May 25, 2025 - 10:41",Bitwise CEO Reacts to Musk's Warning: 'Bitcoin Has Never Been More Important',https://u.todayhttps://u.today/bitwise-ceo-reacts-to-musks-warning-bitcoin-has-never-been-more-important
"May 25, 2025 - 8:57",Top Trader Closes Bitcoin Long With Enormous Loss,https://u.todayhttps://u.today/top-trader-closes-bitcoin-long-with-enormous-loss
"May 24, 2025 - 20:00",Bullish Call Issued by Shiba Inu Team on SHIB's 'Comebacks Out of Thin Air',https://u.todayhttps://u.today/bullish-call-issued-by-shiba-inu-team-on-shibs-comebacks-out-of-thin-air
"May 23, 2025 - 14:57",BlackRock’s Bitcoin ETF Just Achieved Tremendous Milestone,https://u.todayhttps://u.today/blackrocks-bitcoin-etf-just-achieved-tremendous-milestone
"May 23, 2025 - 6:32",Bitcoin ETFs Record Nearly $1 Billion Worth of Inflows,https://u.todayhttps://u.today/bitcoin-etfs-record-nearly-1-billion-worth-of-inflows
"May 23, 2025 - 5:53",Another XRP ETF Delayed. What's SEC Waiting for?,https://u.todayhttps://u.today/another-xrp-etf-delayed-whats-sec-waiting-for
"May 22, 2025 - 18:29","Crypto Is Still Early, Binance’s CZ Says",https://u.todayhttps://u.today/crypto-is-still-early-binances-cz-says
"May 22, 2025 - 15:11",Roxom Global Raises $17.9 Million for Pioneering Bitcoin Media Network,https://u.todayhttps://u.today/roxom-global-raises-179-million-for-pioneering-bitcoin-media-network
"May 22, 2025 - 12:18",Breaking: Strategy to Sell $2.1 Billion in Stock to Buy More Bitcoin,https://u.todayhttps://u.today/breaking-strategy-to-sell-21-billion-in-stock-to-buy-more-bitcoin
"May 22, 2025 - 12:08",Back-to-Back Death Crosses Put XRP at Risk Versus Bitcoin,https://u.todayhttps://u.today/back-to-back-death-crosses-put-xrp-at-risk-versus-bitcoin
"May 22, 2025 - 10:02",Binance's CZ Reacts to Bitcoin Euphoria With Hard Truth for Sellers,https://u.todayhttps://u.today/binances-cz-reacts-to-bitcoin-euphoria-with-hard-truth-for-sellers
"May 22, 2025 - 6:12","Bitcoin Hits $111K, But This Rally Is Extremely Weird",https://u.todayhttps://u.today/bitcoin-hits-111k-but-this-rally-is-extremely-weird
"May 22, 2025 - 5:13",$1.1 Billion for Two Pizzas? Historic Bitcoin Purchase Turns 15,https://u.todayhttps://u.today/11-billion-for-two-pizzas-historic-bitcoin-purchase-turns-15
"May 21, 2025 - 17:24",BlackRock's Bitcoin ETF Surging Up 2025 Leaderboard,https://u.todayhttps://u.today/blackrocks-bitcoin-etf-surging-up-2025-leaderboard
"May 21, 2025 - 15:05","Abnormal 3,368% Liquidation Imbalance Stuns Bitcoin Bears in Hourly Bloodbath",https://u.todayhttps://u.today/abnormal-3368-liquidation-imbalance-stuns-bitcoin-bears-in-hourly-bloodbath
"May 21, 2025 - 15:01",Breaking: Bitcoin Hits New All-Time High. Is $150K Possible?,https://u.todayhttps://u.today/breaking-bitcoin-hits-new-all-time-high-is-150k-possible
"May 21, 2025 - 7:11",Bitcoin and Ethereum ETFs Record Impressive Inflows,https://u.todayhttps://u.today/bitcoin-and-ethereum-etfs-record-impressive-inflows
"May 20, 2025 - 14:46",Satoshi on Track to Lose Bitcoin Crown to BlackRock,https://u.todayhttps://u.today/satoshi-on-track-to-lose-bitcoin-crown-to-blackrock
"May 20, 2025 - 9:25",Binance Founder Shares 3 Key Questions Every Crypto Investor Should Ask,https://u.todayhttps://u.today/binance-founder-shares-3-key-questions-every-crypto-investor-should-ask
"May 19, 2025 - 18:10",JPMorgan CEO Says He Will Allow Clients to Buy Bitcoin,https://u.todayhttps://u.today/jpmorgan-ceo-says-he-will-allow-clients-to-buy-bitcoin
"May 19, 2025 - 14:04",Binance CEO Drops Bullish Bitcoin Hint,https://u.todayhttps://u.today/binance-ceo-drops-bullish-bitcoin-hint
"May 19, 2025 - 12:45",No More Satoshis? Eccentric Proposal Supported by Jack Dorsey,https://u.todayhttps://u.today/no-more-satoshis-eccentric-proposal-supported-by-jack-dorsey
"May 19, 2025 - 11:57","Breaking: Strategy Announces $765 Million Bitcoin Purchase, Faces Class Action Lawsuit",https://u.todayhttps://u.today/breaking-strategy-announces-765-million-bitcoin-purchase-faces-class-action-lawsuit
"May 18, 2025 - 12:51","Bitcoin to $500,000 by 2030, Top Trader Predicts",https://u.todayhttps://u.today/bitcoin-to-500000-by-2030-top-trader-predicts
"May 18, 2025 - 11:52","Bitcoin May Never Dip Below $47,000 Again",https://u.todayhttps://u.today/bitcoin-may-never-dip-below-47000-again
"May 18, 2025 - 10:04","Bitcoin Likely Never Falling Below $47,000, Here's Why",https://u.todayhttps://u.today/bitcoin-likely-never-falling-below-47000-heres-why
"May 18, 2025 - 8:53","'Rich Dad Poor Dad' Author Drops Bold Bitcoin Prediction, Urges Buying BTC Now",https://u.todayhttps://u.today/rich-dad-poor-dad-author-drops-bold-bitcoin-prediction-urges-buying-btc-now
"May 17, 2025 - 13:27",Bitcoin ATH Date Revealed by Weiss Crypto,https://u.todayhttps://u.today/bitcoin-ath-date-revealed-by-weiss-crypto
"May 26, 2025 - 16:27",Ethereum's Pectra: Big Guide,https://u.todayhttps://u.today/guides/ethereums-pectra-big-guide
"May 5, 2025 - 7:56",How to Buy Ethereum: Step-by-Step Guide,https://u.todayhttps://u.today/guides/how-to-buy-ethereum-steb-by-step-guide
"May 2, 2025 - 18:50",Crypto App Triv Ensures Secure Web3 Journey With Triv Shield Instrument: Review,https://u.todayhttps://u.today/reviews/crypto-app-triv-ensures-secure-web3-journey-with-triv-shield-instrument-review
"Apr 16, 2025 - 12:35",Gate.io Top Crypto Exchange Makes Digital Assets Accessible: Review,https://u.todayhttps://u.today/reviews/gateio-top-crypto-exchange-makes-digital-assets-accessible-review
"Apr 1, 2025 - 12:25",Top Crypto Exchanges 2025: Full Guide,https://u.todayhttps://u.today/guides/top-crypto-exchanges-2025-full-guide
